Model,Coef,SE,p,N,R2
PQI ~ MC,279.0141650360575,199.78214632398237,0.16253627065996434,58,0.02284561379227068
PQI ~ MC + poverty + disability,308.7669920426592,327.09729924444093,0.34518973697727773,58,0.028516544357131246
PQI ~ Reimb rate,0.0062663429789551195,0.025921259083366725,0.8089775133454781,22,0.0010520382648263604
