Variable,Coefficient,Std_Error,t_stat,p_value
const,295.21299071998885,44.497076631365175,6.634435631933147,3.2574645962092856e-11
medi_cal_share,95.25775076126206,245.33765853493267,0.38827203018935913,0.6978147334865066
poverty_pct,-5.562132687336882,3.0404163731413134,-1.829398347039609,0.06733995506600683
age65_pct,-11.54406732929006,3.490852443056138,-3.3069479497058234,0.0009431841565621246
disability_pct,12.765882307568772,4.20260805378596,3.0376095377413326,0.0023846271987410872
ed_admit_rate_resident,331.1469364052167,818.0243675658946,0.4048130465728965,0.685614938036835
