Model,Variable,Coef,SE,P
Cost Only,cost_per_patient_day,-0.001344828449609373,0.0008484723869863159,0.11981791575756252
Cost Only,medi_cal_op_pct,-0.7024118783208901,0.6270191508697719,0.26842643605831873
Full,cost_per_patient_day,-0.001227600981495778,0.0008661849790519038,0.16345225293394
Full,medi_cal_share,181.0034661699441,174.37392886349613,0.30493212300669265
Threshold+Cost,mc_threshold_30,56.318564680205085,24.97414627576652,0.029154610618804578
