Analysis,Model,N,Variable,Coef,SE,pval,R2
1a: XS Bivariate,PQI ~ MC,58,medi_cal_share,283.3116414799864,69.5671037677214,4.6512316064600075e-05,0.20682812587119281
1b: XS + Controls,PQI ~ MC + X,58,medi_cal_share,409.4920760889771,108.65772948351432,0.00016413814216289358,0.3162179988550875
1c: XS + ED,PQI ~ MC + ED + X,58,medi_cal_share,495.7228210709637,110.31457895905068,6.998966870601369e-06,0.38097752722354095
1c: XS + ED,PQI ~ MC + ED + X,58,ed_admit_rate_resident,1194.2993276228133,750.2482049242559,0.11141340304863287,0.38097752722354095
2: Panel FE,PQI ~ ED (within),986,ed_admit_rate_within,398.1843669805719,367.3004423539937,0.2783277563782345,0.006641328262537716
3: Prop56 DiD,PQI ~ Treat×Post + FE,696,treat_x_post,-18.733896026869495,11.23979428774427,0.09556467663551511,0.02278599860561903
4: Mediation,Total Effect,58,medi_cal_share_total,482.1654459492528,108.02315485247156,8.061733003829842e-06,
4: Mediation,Direct Effect,58,medi_cal_share_direct,598.7352499274834,129.84344365811992,4.0033387381628116e-06,
