Group,N,Mean_PQI,Mean_MC,MC_beta,MC_se,MC_p,R2
Urban,19,216.9097744360902,0.062144451052454384,210.06950273692686,249.439631104131,0.3996952074266866,0.37498149475371867
Suburban,20,204.52500000000003,0.09656090287704985,64.58765831604728,498.0277113532048,0.8968141658799802,0.3487816412828685
Rural,17,193.0764705882353,0.09612745917450527,1020.1908552378491,752.8763824036398,0.17539920974786305,0.39528037065694144
Pop_Small,17,193.0764705882353,0.09612745917450527,1020.1908552378491,752.8763824036398,0.17539920974786305,0.39528037065694144
Pop_Medium,19,207.03872180451128,0.09577636071836522,147.3891201543741,505.4025518184829,0.7705716929021864,0.3538853688730853
Pop_Large,20,213.9025,0.06461058869443456,9.410939224501476,285.26449388838984,0.973682384434521,0.3251266523220191
