Sample,MC_Coef,MC_Pval,R2
Full (N=56),56.05864729070984,0.021206926397579526,0.36952230017541055
Small counties (N=19),66.97277344994832,0.15226080286563493,0.3628732448205234
Medium counties (N=18),57.59586545243887,0.22736293696168486,0.42258950173991694
Large counties (N=19),12.865285724230759,0.4559901727053768,0.49746751514360965
Rural (<100k) (N=20),71.32419314288919,0.1347097538970446,0.3948261699159925
Non-rural (>=100k) (N=36),36.97851951505457,0.13482332214701978,0.37165641973743535
