Analysis,N,Coef,SE,p
XS 2020 Bivariate,58,279.0141650360575,199.78214632398237,0.16253627065996434
XS 2020 + Controls,58,340.1458092919949,274.06352584256484,0.21456130621864156
Panel FE (2010-24),870,72.59837377670938,121.10244094413788,0.5488534900784527
Prop56 DiD,812,0.0,0.0,
ACA DiD,464,-7.621024709302323,9.51420494997947,0.42312272898554526
