Model,N,R2,MC_coef,MC_se,MC_p
M1: MC only,58,0.02284561379227068,279.0141650360575,199.78214632398237,0.16253627065996434
M2: MC + Provider,56,0.07330962445402645,-29.08596648616384,184.72070570739555,0.8748829947902254
M3: MC + Provider + Shortage,56,0.09133213002216778,-52.06668922484744,187.0988288574849,0.780794034358529
M4: MC + SES,58,0.06191417749123429,-67.49569146294883,251.75539804459413,0.7886221341150282
M5: MC + Health Vuln,58,0.09993509833591108,377.98338550393305,188.35931544211408,0.04478006214613232
M6: MC + SES + Health,58,0.16037968588708817,-44.40403738712979,221.7765341053109,0.8413087386583388
M7: MC + Provider + SES + Health,56,0.1622234041257079,-82.27715871266992,224.2446215445946,0.713687600262745
M8: Full (no reimb),56,0.17072149425355632,-93.08987959002468,227.4906080073559,0.6823905629231635
