Model,MC_coef,MC_p,R2
1: MC only,240.2896368397608,0.00022248520221605935,0.16438835957937004
2: + Demo/Econ,367.727921698801,0.0011757328068436187,0.25530688757927467
3: + Health Status,264.3117534385045,0.05314777285236028,0.38265244465146064
4: + Access Barriers,239.64510565252888,0.11530338373876935,0.3845771199209763
5: + Provider Supply,267.01558270061753,0.0730346806251764,0.4029431377779671
6: Full Model,144.85111537721235,0.3553643191700606,0.4510879721288321
