Model,Spec,MC_Coef,MC_Pval,ED_Coef,ED_Pval,R2,N
A1: Short panel (2020-22),MC≥30% + FE,8.142393138357583,0.220006263262278,,,0.9614197296112105,165
A2: Short panel (2020-22),MC≥30% + ED + FE,9.674730529360627,0.1872911810160811,748.972817861631,0.04225961868556069,0.9651526055029012,165
A3: Short panel (2020-22),MC_cont + ED + FE,150.01029635675786,0.7007658628028339,780.0535146352136,0.03891003634474802,0.9650487894581056,165
B1: Long panel (2012-23),ED + County/Year FE,,,16.690349477638478,0.8038360172567474,0.8127423097571196,660
B0: Pooled cross-section,ED only (no FE),,,245.5634801577787,0.0005264267177940913,0.03571740130941814,660
