Model,Dep_Var,Key_Var,Coef,SE,p
1: Provider Supply,FFS PCP/100k,MC share,49.40500560177399,88.90002369368187,0.5783908654665063
1: Provider Supply,FFS PCP/100k,Poverty,-4.985129067172222,1.3875397097328732,0.0003271650426910286
2a: Outcomes XS,PQI,FFS PCP,-0.2238044913077247,0.15470267297411242,0.1479879661209647
2a: Outcomes XS,PQI,MC share,420.5491382357381,103.90352975234482,5.1768429846985706e-05
2b: Outcomes Panel,PQI,ED admit (within),638.7498520925394,247.59200996923425,0.0098843695202406
4b: DiD Long,PQI,Treat×Post,-18.733896026869495,11.23979428774427,0.09556467663551511
