Block,Partial_R2
Age Structure,0.2511778477007247
Disability,0.09675044255844534
Poverty,0.057919559493534334
Provider Supply,0.021667227752087626
Medi-Cal Share,3.303629784845441e-06
