Placebo Year,θ₁,SE,p
2012,-11.858418719211814,6.703902868881047,0.07691342909971051
2013,-14.488754960317447,7.062115881804345,0.04020692681216252
2014,-19.281934694854947,7.299195122136303,0.00825027343061278
2015,-18.935352832512336,7.972265173202535,0.01754165770052629
