Condition,Type,N,MC_Coef,MC_Pval,Significant
Diabetes Short-term Complications,ACS,56,27.845650745399144,0.009650437029325751,✅
Diabetes Long-term Complications,ACS,56,8.31107943229578,0.5585806813161229,
Heart Failure,ACS,56,120.95169640980777,0.0037390902144403076,✅
COPD or Asthma in Older Adults (Age 40+),ACS,56,61.77238437698347,0.10088112810170081,
Hypertension,ACS,56,16.590661191412746,0.0316068367256365,✅
Community-Acquired Pneumonia,ACS,56,-0.14492377817481739,0.9920261340870444,
Urinary Tract Infection,ACS,56,11.612911987130627,0.3710060037834684,
Lower-Extremity Amputation (Diabetes),Non-ACS (Placebo),56,3.0581582926270663,0.6149339199905426,
