Model,DiD_Coef,SE,P_value
Basic DiD,-25.650733784893422,12.205558884367962,0.03559169713511408
With Controls,-25.650733784893447,12.221997354961252,0.03584026633147621
Continuous Treatment,-174.08475808484988,54.183572593178724,0.0013141589933071153
Two-Way FE,-25.65073378489329,12.194636681836457,0.03542698692060305
