Variable,Coefficient,Std_Error,P_Value,CI_Lower,CI_Upper
const,384.81717340501535,69.35912994971781,1.1530592222614885e-06,245.43478338923347,524.1995634207972
desert_q_def2,7.232235132114596,22.482194710746533,0.7490579539081381,-37.947426634919594,52.411896899148786
poverty_pct,-2.995595981933729,2.827975037814918,0.29466959111263935,-8.678624589146212,2.6874326252787544
unemp_pct,1.0839800758275366,5.719345594170109,0.8504613960957617,-10.40947520280093,12.577435354456004
age65_pct,-3.7737491885437757,1.5201088375977203,0.016518295278005,-6.828522266321467,-0.7189761107660848
hispanic_pct,-3.483827106046859,3.961639901066708,0.3834821643614556,-11.445040549653644,4.477386337559926
bachelors_pct,-2.191624904220201,0.8860372904523011,0.016893223062576897,-3.9721835022862324,-0.4110663061541695
