Model,DV,Key_Predictor,Weighted,Key_Coef,Key_SE,Key_Pval,N,R2
ED1a,ed_visits_per_1k,medi_cal_share,No,-428.6536083331141,331.1663505162748,0.19553575136404555,55,0.38457832751711996
ED1a_W,ed_visits_per_1k,medi_cal_share,Yes,-452.5787092218882,258.2308043444707,0.07966842867591357,55,0.5167263434656758
ED1b,ed_visits_per_1k,medi_cal_ge_30,No,-7.619493402051582,37.40357535629405,0.8385798959743641,55,0.3559348845192284
ED1b_W,ed_visits_per_1k,medi_cal_ge_30,Yes,-2.5104148388037117,19.836140316116836,0.8992905362776142,55,0.4740782686317252
ED2,log_ed_visits_per_1k,medi_cal_share,No,-0.9228777507446075,0.8833676141900957,0.2961492914060766,55,0.40537201767839093
ED2_W,log_ed_visits_per_1k,medi_cal_share,Yes,-1.0803286566479127,0.7786082519194208,0.1652855521626001,55,0.5362088963407567
