Variable,Coefficient,Std_Error,P_Value,CI_Lower,CI_Upper
const,-57.79996447660657,39.349570364966425,0.14838789228185442,-136.9175783499885,21.31764939677536
medi_cal_share,100.72293085637659,72.18633284516159,0.16934222861590525,-44.41741898753699,245.86328070029018
shortage_flag,25.909067649190874,16.336096502196202,0.11930576653551273,-6.936855782028452,58.7549910804102
poverty_pct,-1.065968594792377,1.5657934934430466,0.49927865705285845,-4.2142074159708365,2.082270226386082
unemp_pct,0.4692023898709943,2.8280858946789773,0.8689261128558711,-5.21704540751738,6.155450187259369
age65_pct,0.32486896025619316,0.8878504864920614,0.7160436832177479,-1.460274087458329,2.1100120079707154
hispanic_pct,0.29955590638409735,1.86579422083339,0.8731205149491543,-3.451874804597938,4.050986617366133
bachelors_pct,3.3459266804517975,0.4196775555806956,2.422284642226117e-10,2.5021084002064757,4.189744960697119
