Variable,Coefficient,Std_Error,P_Value,CI_Lower,CI_Upper
const,307.67561676826585,84.405708921874,0.0006664091117986841,137.87323254005003,477.4780009964817
pcp_per_100k,-0.2371858815964536,0.30287495480561605,0.4374880379066408,-0.8464916987729831,0.37211993558007594
medi_cal_share,255.62197090049648,154.51572066144624,0.1047220557521063,-55.22356436228631,566.4675061632793
shortage_flag,19.85237872466248,35.16604674428683,0.5750762561037045,-50.89258221853405,90.59733966785902
poverty_pct,-6.0035378024326285,3.301452788642814,0.07537040876602039,-12.645204131511491,0.6381285266462333
unemp_pct,-1.505102475518937,5.936098020994459,0.8009484706011095,-13.446991357824574,10.4367864067867
age65_pct,-1.9645712891088545,1.865643520292462,0.2977127944799722,-5.71776194305862,1.788619364840911
hispanic_pct,-3.3813815062688333,3.9161949655081925,0.3922830400344826,-11.259749578046206,4.496986565508539
bachelors_pct,-1.241700159781517,1.3425743133982608,0.35976051054866887,-3.942611298737721,1.4592109791746875
