Model,Spec,Weighted,MC_Coef,MC_Pval,ED_Coef,ED_Pval,R2,N,Int_Coef,Int_Pval
PQI1,Baseline,No,207.36318985724077,0.13920874172326272,,,0.32415691898759613,55,,
PQI1_W,Baseline,Yes,88.7706720221014,0.4185784768515609,,,0.4056731137276496,55,,
PQI2,With ED,No,194.91508235749848,0.22720629448950724,-0.029040015662455093,0.763388622286406,0.32625123724782734,55,,
PQI2_W,With ED,Yes,101.3006763781998,0.3965930537682715,0.02768580160926505,0.6629503260900953,0.4069327016318772,55,,
PQI3,Interaction,No,198.87591726291035,0.43164377957505884,-0.02550526283697524,0.8816423147200737,0.3262568342009965,55,-0.012224305328996321,0.9809540580983894
PQI3_W,Interaction,Yes,173.44302737542796,0.27339586449189945,0.12641196786644007,0.370439771764592,0.40986835477542327,55,-0.3133370852990115,0.5322317673600391
PQI_THR,>=30% + ED,No,58.75048108977881,0.01605182490785179,-0.04509876178376429,0.5782056305160943,0.39155697414115154,55,,
