Program,Redistribution,Redist_Score,PQI_Effect,PQI_Score,PQI_Coef,PQI_P,Total_Score
NHSC (All Sites),✓,0,✓,1,-2.3602852687698417,0.08300206412590722,1
NHSC (PCP FTE),✓,0,✗,0,0.32531842497013225,0.39721552240024427,0
FQHCs,✓,0,✓,0,-1.5477215587011446,0.25976527103690783,0
Rural Health Clinics,✓,0,✓,0,-0.905878594692875,0.35197459888746885,0
Community MH Centers,✗,0,✗,0,229.70965640175453,0.059580406303030124,0
