Question,Key_Coefficient,p_value,N
Q1: Payment → Clinicians,-30.00196251186553,0.010268158009766989,1160
Q2: Headcount correlation,0.006590587590071428,,56
Q4: Gap → PQI,-0.5805678774169866,0.028434007028133545,56
