Model,Coefficient,SE,p_value,N
Basic DiD,-24.927890573267767,11.896936465770409,0.03614254336213638,1160
Intensity DiD,-17.113236781382923,5.685780859878065,0.002613934989380455,1160
