outcome,did_coef,se,pval
All Providers,-6.873531009281833,3.2629776999495563,0.03515912193994533
Physicians,-1.9418488143459531,1.6080551675257353,0.22721039842938795
Primary Care,0.19946605933840367,0.762177307213161,0.7935484330669959
