Model,Key_Variable,β,p,R2
OLD: MC → PQI,medi_cal_share,287.31277989767,0.30391684867695234,0.154165473802509
First Stage: MC → Gap,medi_cal_share,-315.37662756818366,0.01929693864419801,0.12640036551849776
Second Stage: Gap → PQI,access_gap,-0.5805678774169871,0.028434007028133507,0.12296746308599027
True Desert → PQI,true_desert,25.559299692435076,0.2801515700058361,0.026800900323976418
