Model,Outcome,IV_Type,IV_Name,Coefficient,SE,t_stat,p_value,R2,N_obs,N_clusters,SE_type,Data_type,Significant_05,Significant_10
1,PQI Rate,Continuous,Access Gap,-0.5074553304458693,0.2232056073526788,-2.2734882714844087,0.02299677211419257,0.24105865251788894,714,56,Clustered by County,Panel (2008-2024),True,True
2,PQI Rate,Binary,Desert Indicator,20.97293235456156,27.09752209859908,0.7739797121761862,0.4389427887700419,0.180449304125873,714,56,Clustered by County,Panel (2008-2024),False,False
3,ED Visits (Residence-Based),Continuous,Access Gap,1410.8334255714503,869.1530257775422,1.6232278824656017,0.10454069950156772,0.038786820024223845,714,56,Clustered by County,Panel (2008-2024),False,False
4,ED Visits (Residence-Based),Binary,Desert Indicator,-180203.14571169487,93702.42710807711,-1.923142775200979,0.054462121597995405,0.04328510138652075,714,56,Clustered by County,Panel (2008-2024),False,True
