Model,Outcome,IV_Type,IV_Name,Coefficient,SE,t_stat,p_value,R2,N,Significant_05,Significant_10
1,PQI Rate,Continuous,Access Gap,-0.39061092455210017,0.2402219971742354,-1.626041449771089,0.10394083802879236,0.2236763227173919,55,False,False
2,PQI Rate,Binary,Desert Indicator,34.39484947368548,32.741038515594035,1.0505118662410102,0.29348283817855936,0.205574112185558,55,False,False
3,ED Rate,Continuous,Access Gap,0.1584834666301545,0.07482728895067356,2.117990225927167,0.03417589546323308,0.1594064172891988,55,True,True
4,ED Rate,Binary,Desert Indicator,-15.953969922733926,7.424737354488776,-2.148758826207991,0.0316535228174652,0.14832487283248674,55,True,True
