Program,Variable,Coefficient,SE,p_value,Significant_10pct
NHSC,nhsc_per_100k,-2.360285268769839,1.392800771864888,0.09014518302262169,True
FQHCs,fqhc_per_100k,-1.547721558701147,1.3443427969404536,0.24961504837200243,False
Rural Health Clinics,rhc_per_100k,-0.905878594692873,1.0649059429398606,0.3949552721798071,False
